Classifier,Top-1 Acc,Top-3 Acc,Top-5 Acc,F1,Recall,Precision,±1 Acc,±5 Acc,ROC-AUC
SVM,0.03333333333333333,0.16666666666666666,0.3,0.01,0.03333333333333333,0.0058823529411764705,0.26666666666666666,0.7,0.3796296296296296
LogReg,0.06666666666666667,0.1,0.3,0.043333333333333335,0.06666666666666667,0.0392156862745098,0.36666666666666664,0.9,0.42777777777777776
RandomForest,0.4,0.7,0.8,0.3914285714285714,0.39999999999999997,0.39999999999999997,0.6666666666666666,0.9,0.8191358024691358
